"codgeo","libgeo","codreg","libreg","empl_tot_2015","empl_tot_2014","empl_tot_2013","empl_tot_2012","empl_tot_2011","empl_tot_2010","empl_tot_2009","empl_tot_2008","empl_tot_2007","empl_tot_2006","empl_tot_2005","empl_tot_2004","empl_tot_2003","empl_tot_2002","empl_tot_2001","empl_tot_2000","1999empl_tot_","empl_tot_1998"
"0050","Mont-de-Marsan",,"INT-INTERREGIONAL",66882,67157,66342,65603,65455,64844,65522,65141,65436,63393,63148,62252,62049,62397,61525,60875,61773,61892
"0051","Alençon",,"INT-INTERREGIONAL",44116,44604,45448,45411,46015,47620,47655,48087,48664,49092,49355,48994,48825,49029,48836,49201,48193,47204
"0052","Cosne-Clamecy",,"INT-INTERREGIONAL",24119,24538,23872,24043,24542,24433,24532,25222,25526,25537,25451,25645,25116,25031,25151,24660,24156,23776
"0053","Mâcon",,"INT-INTERREGIONAL",60849,60756,60874,60708,61129,60920,61109,61321,62007,61075,59968,60533,60866,59518,58960,57790,56521,55961
"0054","Nogent-le-Rotrou",,"INT-INTERREGIONAL",16531,16611,16692,16835,17170,17312,17106,17444,18472,18860,18849,19024,19536,19827,19487,19984,18581,18268
"0055","Vallée de la Bresle-Vimeu",12,"INT-INTERREGIONAL",34403,35041,35266,35913,36195,36121,36145,37278,38579,37879,38050,38397,38135,38401,38251,38450,37200,36771
"0056","Roissy-Sud Picardie",,"INT-INTERREGIONAL",566715,563971,561856,560326,563158,561174,561504,573186,579602,573379,559727,553008,547725,543785,538454,532103,510026,490999
"0057","Brive-la-Gaillarde",,"INT-INTERREGIONAL",71304,71634,71680,71522,71657,72306,71828,73109,74725,73923,72823,72165,70997,71774,70840,70275,68394,67144
"0059","Avignon",,"INT-INTERREGIONAL",202510,201897,203222,201094,199038,196981,194474,196102,195327,192967,190550,188642,186804,184982,181613,174606,169751,164169
"0060","Saint-Étienne",84,"AUVERGNE-RHONE-ALPES",246983,247858,249060,249437,249727,251414,247761,251294,255833,252498,250053,248441,251765,251765,251633,250618,246657,243850
"0061","Toulouse",76,"OCCITANIE",668936,661019,656593,644801,633654,625282,615970,610171,605783,594575,577509,564371,544831,544831,537580,518245,503669,487564
"0101","Pointe à Pitre",1,"GUADELOUPE",88242,85489,86004,86136,86274,86843,85826,85912,84041,84441,81334,79145,77705,78474,77592,80947,78091,77048
"0102","Basse-Terre",1,"GUADELOUPE",23603,23567,23497,23213,23306,24048,22589,23383,22212,22747,21394,22724,21882,22817,21959,18999,18352,17367
"0103","Marie-Galante",1,"GUADELOUPE",2646,3373,3323,3245,3139,3309,3252,3196,3338,2814,2925,2927,3053,3371,3304,2852,2797,2785
"0106","Est - Grande-Terre",1,"GUADELOUPE",14746,15407,15578,15096,15117,15500,14919,14685,14287,14397,13632,13697,14589,13309,13448,12074,11023,10758
"0201","Centre agglomération",2,"MARTINIQUE",83326,81712,81722,82144,82765,84854,83805,87997,86885,87213,84357,83273,81487,84537,84115,82508,82782,79174
"0202","Sud-Caraibe",2,"MARTINIQUE",15801,15164,15108,15189,15469,15880,15209,15818,15554,14890,15444,14489,14105,13640,12878,11360,11733,10255
"0203","Sud",2,"MARTINIQUE",11538,11452,11370,11075,11026,11428,11041,10830,10894,10900,10430,10007,9681,9615,9361,9239,10677,9569
"0204","Centre-Atlantique",2,"MARTINIQUE",12800,12725,12517,12910,12999,13824,13539,13211,13888,13872,12954,12493,11925,11220,10426,11385,11374,10612
"0205","Nord-Caraibe",2,"MARTINIQUE",5281,5703,5647,5364,5347,5626,5369,5413,5378,5769,5719,4714,5821,4270,5206,5354,4667,5741
"0206","Nord-Atlantique",2,"MARTINIQUE",5087,5284,5287,5139,4841,5077,5155,4943,4848,4692,4199,4492,4357,4506,4358,4101,4036,3690
"0301","Cayenne",3,"GUYANE",42472,41462,40688,39385,38594,37885,36564,35305,36357,36032,35475,33641,34348,34781,34367,33179,32233,30910
"0302","Kourou",3,"GUYANE",7641,7747,7563,7569,7589,7649,7234,7677,7267,6729,5889,6106,6061,6322,6284,6418,6169,5714
"0303","Saint-Laurent",3,"GUYANE",6266,6307,6197,5814,5509,5379,5133,5300,5336,5073,4394,4271,3547,3826,3144,2964,2758,2619
"0401","Est",4,"LA REUNION",29579,29651,28846,28329,27507,25977,25599,25540,25461,23618,22367,21242,21139,20575,20462,19756,19028,17190
"0402","Nord",4,"LA REUNION",97437,94916,91975,90294,89661,86767,83955,84950,88149,86447,83199,80973,80416,80403,80435,76818,76305,74410
"0403","Ouest",4,"LA REUNION",72610,69260,66988,64301,63972,63110,61684,63179,62820,59639,57600,54948,53116,52108,50037,46852,43042,41817
"0404","Sud",4,"LA REUNION",86523,85934,83955,80299,78812,76499,75886,74715,75154,70060,67011,67027,67504,65766,61705,60635,56567,53048
"1101","Paris",11,"ILE-DE-FRANCE",3835647,3813572,3800948,3756328,3745031,3701583,3685946,3698010,3706867,3628862,3585157,3553984,3550531,3616453,3649930,3626841,3545600,3452318
"1102","Marne-la-Vallée",11,"ILE-DE-FRANCE",161132,160257,157772,155355,155257,151339,149934,149055,146498,147551,142485,139428,137915,134246,132581,132271,125773,121352
"1103","Coulommiers",11,"ILE-DE-FRANCE",16053,16111,16113,16298,16532,16045,15880,16264,16030,15437,15381,15405,15283,14937,14795,15102,14939,15958
"1104","Meaux",11,"ILE-DE-FRANCE",43446,42523,42313,42654,42761,43267,42360,42744,44945,44594,45083,43554,43230,44154,43276,44229,41243,40368
"1105","Melun",11,"ILE-DE-FRANCE",139743,138832,139217,137423,136091,137458,136959,138618,137241,135531,133104,132451,131101,132491,129768,130124,125643,122995
"1106","Montereau-Fault-Yonne",11,"ILE-DE-FRANCE",12737,13009,13105,13131,13345,13160,12924,13086,13235,13024,13283,13672,13829,14052,14140,13865,13589,13163
"1107","Nemours",11,"ILE-DE-FRANCE",13337,13561,13890,13924,14361,14623,14829,15373,15972,15636,16602,16006,16024,16013,16150,16095,14551,15199
"1108","Provins",11,"ILE-DE-FRANCE",12884,12966,12909,12941,12860,12661,12657,12131,11851,11566,11692,12008,11838,11905,11980,11989,11538,10844
"1109","Houdan",11,"ILE-DE-FRANCE",11767,11968,11823,11226,11207,11189,11372,11881,11691,11681,11404,11224,11200,10826,10693,10339,10237,9973
"1110","Mantes-la-Jolie",11,"ILE-DE-FRANCE",43641,44212,44249,42889,43442,43711,43673,45119,45805,45135,43965,42467,42726,42480,43650,43907,42672,40544
"1111","Poissy",11,"ILE-DE-FRANCE",79277,78414,80113,79483,79183,77229,76124,78173,80907,81522,82824,81120,80465,80748,81011,80306,78970,76237
"1112","Rambouillet",11,"ILE-DE-FRANCE",22269,21631,22401,21854,21986,22014,21781,22274,23634,23094,23054,24117,23487,23699,24290,23388,22855,20873
"1113","Plaisir",11,"ILE-DE-FRANCE",20203,19925,20473,20632,20488,21005,20943,21176,22278,20790,19863,19433,19483,19300,18960,18375,16550,16585
"1114","Étampes",11,"ILE-DE-FRANCE",17844,17681,17823,17983,18127,18004,18273,18463,17739,18285,18451,18343,18196,18647,18914,18230,17691,16601
"1115","Évry",11,"ILE-DE-FRANCE",142634,142323,142580,140878,141556,142906,143053,145256,147406,140277,136462,132737,133221,132849,129973,128619,122978,121518
"1116","Saclay",11,"ILE-DE-FRANCE",563188,563032,563417,558573,553589,548968,547381,554595,552633,549816,537842,532876,530310,530861,524410,513576,503106,485902
"1117","Créteil",11,"ILE-DE-FRANCE",197337,196382,195850,194545,192088,191976,192451,198888,200641,203072,201882,199373,192847,193080,193900,189274,183681,177393
"1118","Orly",11,"ILE-DE-FRANCE",231630,229044,229007,227996,225085,222906,224045,227355,224533,214137,212072,204740,203846,206495,206185,206069,204634,198508
"1119","Cergy",11,"ILE-DE-FRANCE",155272,155775,156833,154950,154155,154325,153521,158447,160850,160210,159394,156299,155319,152940,152453,151545,149843,143519
"2101","Charleville-Mézières",44,"GRAND-EST",79303,80233,80840,80552,82900,84083,83188,83868,85662,85441,84963,85988,85291,87687,88158,88162,86864,85111
"2102","Troyes",44,"GRAND-EST",114642,115673,116674,117146,117940,117687,118214,119145,119691,119644,119357,119148,119940,121888,122270,121653,117748,118737
"2103","Châlons-en-Champagne",44,"GRAND-EST",50316,50874,50888,51558,52550,53111,52970,52835,51944,51239,51153,50874,51298,50423,50032,48521,47886,47295
"2104","Épernay",44,"GRAND-EST",42676,43217,43665,44174,44499,44373,44290,45168,45903,46232,45824,46487,46490,47513,48162,48425,48142,47233
"2105","Reims",44,"GRAND-EST",148175,147061,147382,147306,146713,147580,146060,149227,151920,151135,150764,150645,151512,152002,151830,150517,149593,145121
"2106","Chaumont-Langres",44,"GRAND-EST",46304,46398,46616,46721,45665,45645,45054,45978,47265,46804,46523,46187,45837,47772,47483,46938,45752,44632
"2107","Vitry-le-François/Saint-Dizier",44,"GRAND-EST",37167,38160,38942,39089,42207,42058,42006,42551,44003,42950,43225,43685,43627,43834,43464,43783,43117,43887
"2201","Château-Thierry",32,"HAUTS-DE-FRANCE",20005,20228,20112,19988,20117,20230,20201,20639,20950,20477,20932,20420,20817,20889,20785,20840,21056,20616
"2202","Tergnier",32,"HAUTS-DE-FRANCE",15756,16188,16128,16138,16407,16709,16903,17206,17396,17546,17691,17219,17370,17175,17216,16751,16661,16446
"2203","Thiérache",32,"HAUTS-DE-FRANCE",17705,17934,18151,18307,18471,18547,18580,18863,18955,18559,18539,18342,18737,18994,18762,18424,18269,17328
"2204","Laon",32,"HAUTS-DE-FRANCE",35940,35932,36275,35750,36571,37354,37709,38332,38224,38010,37736,38175,38793,37675,36446,36633,36054,36267
"2205","St-Quentin",32,"HAUTS-DE-FRANCE",45591,45472,45538,45718,46161,46476,46709,47805,49658,49676,48710,49138,49668,50210,50751,50853,50640,50180
"2206","Soissons",32,"HAUTS-DE-FRANCE",29972,29885,29964,30360,30487,30620,30760,31782,32125,31961,31332,31217,30923,31337,31706,32105,31964,32620
"2207","Beauvais",32,"HAUTS-DE-FRANCE",87246,87878,88616,88521,89213,90186,90264,92036,90990,90119,88919,88739,88963,91183,89904,89804,86549,85517
"2208","Compiègne",32,"HAUTS-DE-FRANCE",73021,73233,73044,72709,73554,73383,73064,75366,75100,74969,74445,74750,74626,75257,74848,73653,71308,71441
"2209","Abbeville",32,"HAUTS-DE-FRANCE",23203,23269,23702,23959,23985,24204,23856,24020,24108,23724,23793,23577,23508,23107,22713,22477,22246,22413
"2210","Amiens",32,"HAUTS-DE-FRANCE",152851,152391,153178,152500,152819,152957,153054,156960,156259,153935,154982,153906,153352,154273,153021,150461,147318,143879
"2211","Péronne",32,"HAUTS-DE-FRANCE",21264,21551,21788,21956,22469,22760,22590,22910,23186,23316,23144,23352,23860,24417,24615,24630,25180,25569
"2301","Bernay",28,"NORMANDIE",17720,17995,18075,18057,17738,18022,18218,18888,19330,19442,19715,19990,20195,20191,20331,20441,19659,19485
"2302","Évreux",28,"NORMANDIE",80380,82092,82259,82178,82424,82419,82800,84750,85731,84892,84370,84833,87180,86952,88208,87803,84530,81299
"2303","Pont-Audemer",28,"NORMANDIE",14771,14905,14856,14963,15035,14899,14770,15022,14958,14688,14958,14537,14704,14708,14064,13889,13037,13084
"2304","Vernon - Gisors",28,"NORMANDIE",37775,37372,37922,38099,38591,39060,38978,40530,41031,40740,42271,42129,41527,40480,39730,39196,38428,38315
"2305","Dieppe - Caux maritime",28,"NORMANDIE",43977,44449,44651,44571,44762,44725,44449,45535,46008,45353,45358,45623,45694,45113,45082,44545,43678,43142
"2306","Le Havre",28,"NORMANDIE",155578,157057,156382,158491,160494,159873,159424,163881,166791,164191,161318,161030,161529,161386,160450,157166,153732,151010
"2307","Rouen",28,"NORMANDIE",334740,334187,334305,334498,335905,333754,334673,340030,340073,332907,327566,324531,323793,328027,323678,326132,316250,310421
"2401","Bourges",24,"CENTRE-VAL-DE-LOIRE",75850,75708,76950,77504,78901,79015,79647,80529,80568,81426,80850,80890,82759,83356,79850,79814,76224,76582
"2402","Saint-Amand-Montrond",24,"CENTRE-VAL-DE-LOIRE",11079,11622,11433,11317,11351,11679,11681,11994,12327,12556,12563,12492,13061,13200,12891,13102,13074,12879
"2403","Vierzon",24,"CENTRE-VAL-DE-LOIRE",14173,14328,14702,14810,15227,15212,15074,15896,16286,16185,16073,15444,15406,16004,16480,15993,15165,14781
"2404","Chartres",24,"CENTRE-VAL-DE-LOIRE",91318,90621,91360,91202,91559,92208,91581,93030,92865,91312,90525,89639,90405,91006,92439,92321,93125,90194
"2405","Châteaudun",24,"CENTRE-VAL-DE-LOIRE",12522,12536,12659,12576,12670,12920,12850,13123,13981,14073,13700,13660,13396,13863,14127,14468,14202,13516
"2406","Dreux",24,"CENTRE-VAL-DE-LOIRE",32028,31958,32263,32439,32131,31497,31110,31720,32140,32439,33530,33553,33943,33690,34492,34820,33997,33425
"2407","Le Blanc",24,"CENTRE-VAL-DE-LOIRE",7043,7396,7179,7221,7183,7174,7066,7160,7427,7458,7360,7192,7102,6877,6716,6586,6683,6815
"2408","Issoudun",24,"CENTRE-VAL-DE-LOIRE",8542,8662,8565,8618,8548,8720,8680,8795,8703,9884,9745,9851,9807,9999,10476,10069,9674,9438
"2409","Châteauroux",24,"CENTRE-VAL-DE-LOIRE",66098,66592,67575,68122,68764,70006,70854,71529,71543,70115,69631,69753,70074,71775,69723,69321,68069,66473
"2410","Chinon",24,"CENTRE-VAL-DE-LOIRE",15020,15079,15478,15270,14698,14438,14146,14230,14040,13845,13752,13759,13752,14066,13770,13787,13587,13156
"2411","Loches",24,"CENTRE-VAL-DE-LOIRE",8097,8241,8341,8369,8314,8620,8533,8398,8461,8566,8677,8277,8099,8168,8280,8016,7627,7613
"2412","Tours",24,"CENTRE-VAL-DE-LOIRE",221579,221109,221493,220470,220301,220767,218086,219982,220467,219494,215178,213023,210702,207823,207827,206276,200926,197499
"2413","Blois",24,"CENTRE-VAL-DE-LOIRE",76554,76615,77027,77328,77718,77543,77540,76791,74554,74336,74650,74222,72644,73775,72334,69701,70870,69618
"2414","Romorantin-Lanthenay",24,"CENTRE-VAL-DE-LOIRE",18410,18541,18384,18580,18674,18623,18377,18563,18468,18414,18315,17467,17614,19028,20776,20845,20010,19071
"2415","Vendôme",24,"CENTRE-VAL-DE-LOIRE",23820,23533,23356,23164,23479,23571,23685,23914,24287,24242,24016,23751,23942,24253,24851,24227,23316,22803
"2416","Gien",24,"CENTRE-VAL-DE-LOIRE",27633,27736,28277,28673,28584,28386,28407,29108,30235,29936,30808,30658,30273,30668,30227,29810,29326,27743
"2417","Montargis",24,"CENTRE-VAL-DE-LOIRE",39530,39700,40068,40162,40578,40420,40722,41288,41648,41390,40834,40323,40292,39929,39619,40324,38881,37697
"2418","Orléans",24,"CENTRE-VAL-DE-LOIRE",214745,213787,214344,213409,213949,213907,212895,214746,215545,211744,211102,212888,210765,211723,211942,210881,202504,198970
"2419","Pithiviers",24,"CENTRE-VAL-DE-LOIRE",18242,18444,18372,18453,18700,19058,18954,19028,19854,19864,19882,20615,20642,20545,20554,20505,19957,19552
"2501","Bayeux",28,"NORMANDIE",17339,17313,17368,17559,17615,17480,17541,17865,18076,18377,18848,19300,19557,19608,19594,19866,19261,18396
"2502","Caen",28,"NORMANDIE",198551,198129,199274,197057,197941,196959,197764,198693,200330,196467,194607,193488,193163,192013,189945,190419,184907,179142
"2503","Honfleur",28,"NORMANDIE",22702,22818,22659,23077,22903,22588,22621,22716,23046,22687,22055,21554,21580,21409,21174,20982,20300,19572
"2504","Lisieux",28,"NORMANDIE",25655,25710,26041,26198,26403,26258,26206,26387,26512,26320,26220,26125,26277,26222,26037,25809,25273,24461
"2505","Vire",28,"NORMANDIE",15541,15738,15594,15575,15416,15185,15172,15283,15650,15430,15295,15364,15551,15782,15773,16051,15644,15285
"2506","Avranches",28,"NORMANDIE",34741,34720,34960,35277,35027,34530,34760,34568,34713,34559,34219,34675,34768,34954,34487,33929,33478,32505
"2507","Cherbourg-Octeville",28,"NORMANDIE",75997,75908,75923,76198,75722,75851,75521,75963,76889,75525,74970,74849,75075,75544,74881,75239,74119,72786
"2508","Coutances",28,"NORMANDIE",20603,20600,20539,20710,20923,20925,20657,20703,21488,21060,21171,21527,21185,21130,21071,21226,20709,20243
"2509","Granville",28,"NORMANDIE",17880,17799,17831,17980,17687,17487,17350,17513,17849,17318,17106,16968,17090,16915,16642,16500,16263,15708
"2510","Saint-Lô",28,"NORMANDIE",39453,39326,39303,39799,40049,39815,39699,39432,39249,39121,38767,38042,38550,38136,37304,37284,36765,36301
"2511","Argentan",28,"NORMANDIE",14033,14187,14259,14151,14493,14400,14548,14445,14618,14600,14513,14229,14441,14885,14957,15067,15097,15007
"2512","Flers",28,"NORMANDIE",35999,36229,36401,36804,37360,37510,38080,38888,39951,39146,39580,39947,40528,40971,41063,41529,40709,39942
"2513","L' Aigle",28,"NORMANDIE",11975,11737,12019,11960,11936,11761,11840,12180,12541,12361,12081,12115,12197,12090,12143,12120,11652,11541
"2601","Beaune",27,"BOURGOGNE-FRANCHE-COMTE",24286,24040,24008,23698,23957,23451,23603,23880,23955,23519,23596,23176,23317,22925,23103,23269,22113,21864
"2602","Chatillon",27,"BOURGOGNE-FRANCHE-COMTE",5606,5490,5610,5768,5986,5796,5841,5978,6186,6244,6294,6274,6459,6173,6094,6389,6164,6187
"2603","Dijon",27,"BOURGOGNE-FRANCHE-COMTE",192223,192976,194332,193050,194591,193174,193433,194054,195205,191932,190387,189417,188346,188851,187892,186272,182913,177480
"2604","Montbard",27,"BOURGOGNE-FRANCHE-COMTE",12102,12429,12498,12540,12400,12273,12114,12307,12593,12148,12200,12242,11990,11778,11713,12073,11776,11510
"2605","Morvan",27,"BOURGOGNE-FRANCHE-COMTE",9372,9485,9647,9637,9743,9857,9956,10211,10325,10508,10619,10520,10819,10789,10836,10797,10707,10705
"2606","Nevers",27,"BOURGOGNE-FRANCHE-COMTE",47055,47454,48175,48537,48874,48768,49490,50590,51051,52161,52840,53099,54193,54816,54182,55252,53642,52236
"2607","Autun",27,"BOURGOGNE-FRANCHE-COMTE",10800,11031,11317,11622,11725,11894,11688,11886,11967,12641,12708,12508,12756,12824,12645,12606,12562,12582
"2608","Chalon-sur-Saône",27,"BOURGOGNE-FRANCHE-COMTE",74048,73959,74519,73571,73412,73399,73418,74192,74626,74378,73658,74160,73296,73277,73881,73728,73638,72859
"2609","Louhans",27,"BOURGOGNE-FRANCHE-COMTE",11333,11403,11290,11350,11315,11250,11449,11456,11382,11248,10935,10874,10683,10414,10200,10320,10255,9550
"2610","Le Creusot-Montceau",27,"BOURGOGNE-FRANCHE-COMTE",33824,33501,34196,34200,34436,34496,35189,36075,36779,35416,34672,34242,34650,35611,34972,35535,34779,34628
"2611","Charolais",27,"BOURGOGNE-FRANCHE-COMTE",29228,29608,30059,29963,30150,30282,30490,31289,31758,31513,31485,31875,31671,31761,31398,30824,30314,30020
"2612","Auxerre",27,"BOURGOGNE-FRANCHE-COMTE",79166,79844,80504,81028,82636,82285,82744,84126,85233,84984,84648,83880,84203,84271,84644,85355,84649,81999
"2613","Avallon",27,"BOURGOGNE-FRANCHE-COMTE",8966,9179,9195,9270,9316,9384,9347,9406,9818,9889,9900,9982,10133,10198,9888,9777,9507,9151
"2614","Sens",27,"BOURGOGNE-FRANCHE-COMTE",34091,34105,34347,34094,34325,34068,34032,34637,35081,34672,33915,34350,34191,35149,34643,34023,32524,30987
"3110","Roubaix-Tourcoing",32,"HAUTS-DE-FRANCE",152735,151101,152025,152676,154612,154338,154224,158309,161781,161013,160707,159783,161773,163982,165472,165249,160697,156528
"3111","Lille",32,"HAUTS-DE-FRANCE",434394,430279,427808,425512,425385,421698,413759,412381,405979,400468,393367,391978,389473,394391,389263,387736,375830,367356
"3112","Dunkerque",32,"HAUTS-DE-FRANCE",95005,95457,95912,96223,96457,96093,97596,99007,100260,99827,98726,99702,99266,100764,100114,100561,97891,95368
"3113","Flandre-Lys",32,"HAUTS-DE-FRANCE",37837,37866,38059,37768,37859,37670,37478,37690,37770,37398,36510,36782,37042,37454,37178,36605,35775,34558
"3114","Douai",32,"HAUTS-DE-FRANCE",79549,78017,77840,77316,77648,77482,77485,76476,78880,77495,77236,79145,79554,78523,77335,77185,75513,72871
"3115","Valenciennes",32,"HAUTS-DE-FRANCE",124040,124650,124801,124791,126392,125050,125845,128028,129862,128360,123874,123421,122164,121897,116162,114147,109365,103912
"3116","Cambrai",32,"HAUTS-DE-FRANCE",53725,53981,54637,54522,55403,55855,55331,55069,60467,61338,61555,61933,62221,61750,60724,61483,58853,57758
"3117","Maubeuge",32,"HAUTS-DE-FRANCE",63834,64745,65179,65140,66251,66447,66204,66685,67492,65531,65264,65914,64811,64686,65844,66413,66239,67166
"3121","Arras",32,"HAUTS-DE-FRANCE",99135,98527,98220,98243,97990,98328,97638,98561,98724,97721,97548,96610,97095,97720,97170,94287,93775,91733
"3122","Lens-Hénin",32,"HAUTS-DE-FRANCE",111386,110466,109617,108784,110245,110201,109767,110362,112404,106449,103336,102455,104909,102969,101722,100469,95505,91794
"3123","Béthune-Bruay",32,"HAUTS-DE-FRANCE",84419,85103,85933,85533,86310,86210,86494,88208,89146,89824,90054,89674,90609,91117,90334,85907,82935,80472
"3124","Saint-Omer",32,"HAUTS-DE-FRANCE",44194,43420,43480,43644,43649,44253,43703,44276,44553,44982,44697,45378,45223,44995,45076,45094,42684,41914
"3125","Calais",32,"HAUTS-DE-FRANCE",49127,49494,49366,49410,49923,49867,50309,52799,53537,53465,55461,55903,55892,56963,57689,57158,56221,53688
"3126","Boulogne-sur-mer",32,"HAUTS-DE-FRANCE",56069,55957,56855,56512,57077,57459,58256,58051,57846,56817,55441,56264,56397,55950,54722,54249,52371,52346
"3127","Berck-Montreuil",32,"HAUTS-DE-FRANCE",37536,37547,37483,37438,38430,37674,37352,37147,39432,39286,38744,39201,39108,39786,38849,37869,36689,35329
"4101","Longwy",44,"GRAND-EST",19514,19843,20130,20376,21092,21423,21782,21727,22398,21559,22002,22081,22478,22787,22635,22543,22802,22422
"4102","Lunéville",44,"GRAND-EST",9844,9853,9776,9994,10108,10268,10193,10422,10632,10504,10868,10683,10839,11486,11161,11378,11454,10686
"4103","Nancy",44,"GRAND-EST",217815,219010,219258,219749,221516,221738,222070,222733,223233,216375,215802,219095,218592,219534,222875,220881,215843,210750
"4104","Bar-le-Duc",44,"GRAND-EST",26292,26481,27153,27299,27419,28063,27624,28798,28940,29270,29349,29368,29743,29280,29190,30272,29634,29513
"4105","Commercy",44,"GRAND-EST",11681,11932,11959,11976,11944,12233,12251,12515,12632,12772,12670,13123,13320,13628,13471,13398,13642,13344
"4106","Verdun",44,"GRAND-EST",20927,20982,21111,21223,21226,21294,21531,21837,22362,22587,22121,22402,22189,22564,22489,22531,21947,20935
"4107","Metz",44,"GRAND-EST",204639,204784,205758,207772,211177,211170,208520,213318,216272,220494,218653,217953,219513,219100,215797,215287,208777,204245
"4108","Forbach",44,"GRAND-EST",62226,62768,63500,63408,64346,63693,64539,66051,66306,61480,61039,61176,61353,62117,62453,61373,60080,59205
"4109","Sarrebourg",44,"GRAND-EST",22200,22373,22729,22781,23175,23110,22766,23356,23808,23301,23432,23819,23537,23599,22973,24513,24364,23166
"4110","Sarreguemines",44,"GRAND-EST",34790,34795,34546,34156,34402,34789,34590,35455,36382,35710,36603,35521,35456,34979,35684,35422,34823,34037
"4111","Thionville",44,"GRAND-EST",57437,58200,59084,59100,59678,59609,60425,61321,62388,62694,62918,63708,64283,65364,65920,65729,63552,62973
"4112","Épinal",44,"GRAND-EST",60438,60759,61146,61466,63041,64098,63987,65801,66127,65533,65003,63984,65743,67109,66632,64641,63941,63408
"4113","Remiremont",44,"GRAND-EST",30460,30738,31053,31394,31248,31829,31423,31975,33967,34343,34501,34193,34502,34519,34689,34874,34309,33851
"4114","Saint-Dié-des-Vosges",44,"GRAND-EST",26887,26929,27480,28227,28828,29168,29342,29834,30900,31585,31547,32190,33211,32583,32942,32343,31824,32066
"4115","Neufchâteau",44,"GRAND-EST",18339,18229,18230,18523,18857,19435,19801,20259,20346,20226,19713,20403,20279,20135,19894,19966,19739,19385
"4201","Haguenau",44,"GRAND-EST",66622,66524,66998,67262,66855,65742,64609,66004,66314,66695,64374,64059,63573,64667,65321,65483,63323,63290
"4202","Molsheim-Obernai",44,"GRAND-EST",50798,50912,50844,49991,50030,50372,49336,49787,50823,49697,48390,48316,46885,46428,46764,47996,46167,45007
"4203","Saverne",44,"GRAND-EST",28732,28424,28323,28803,28836,28206,27690,28200,28426,27739,26398,25528,24977,24947,24969,25150,24581,23871
"4204","Sélestat",44,"GRAND-EST",29208,29279,29320,28952,29075,29216,28428,28792,29178,28797,28617,27629,27234,26865,26761,26241,25050,24541
"4205","Strasbourg",44,"GRAND-EST",304529,304229,304917,302806,301960,299671,296848,300077,301878,300180,300644,298951,301526,302652,300958,300489,292826,286325
"4206","Wissembourg",44,"GRAND-EST",10020,10193,10395,10344,10441,10574,10593,11124,11477,11566,11615,11371,11634,11353,11208,11461,10875,10440
"4207","Colmar",44,"GRAND-EST",86882,87886,87849,87630,87545,85643,85937,86556,88535,87726,86589,87223,85362,84741,84710,83256,81361,79611
"4208","Mulhouse",44,"GRAND-EST",159669,158518,160470,161633,163654,164995,164839,167268,167804,164895,166956,167671,170926,171535,171933,169442,163768,158544
"4209","Saint-Louis",44,"GRAND-EST",32913,32594,32396,31788,31607,31455,31202,31867,31639,31006,30091,30179,30015,29765,29882,29501,28989,28525
"4301","Besançon",27,"BOURGOGNE-FRANCHE-COMTE",126455,125591,126121,125402,126010,125295,124239,128003,127285,126527,124557,123804,123539,122823,122414,120950,116200,113585
"4302","Belfort-Montbéliard-Héricourt",27,"BOURGOGNE-FRANCHE-COMTE",131573,131037,132742,133731,137348,138378,138486,139777,142331,141614,142328,143678,143001,146025,146278,145725,142764,139601
"4303","Morteau",27,"BOURGOGNE-FRANCHE-COMTE",13110,13148,13140,13119,13365,13153,12847,13327,13617,13574,13657,13550,13243,13337,13370,13219,13045,12607
"4304","Pontarlier",27,"BOURGOGNE-FRANCHE-COMTE",20901,20730,20779,20879,20709,20403,19832,20005,20261,19936,19590,19363,19429,20179,19708,19780,18910,18054
"4305","Dole",27,"BOURGOGNE-FRANCHE-COMTE",25138,24938,24729,24268,24511,24556,24030,24906,25204,25251,25050,25177,25530,24781,24783,25245,23981,23086
"4306","Lons-le-Saunier",27,"BOURGOGNE-FRANCHE-COMTE",49713,49961,49853,50026,50309,49567,48998,49602,49920,49509,48877,50126,50109,50392,51117,50755,48715,47533
"4307","Saint-Claude",27,"BOURGOGNE-FRANCHE-COMTE",17467,17757,18108,17997,18296,18564,18183,18742,19778,20074,20817,20715,21264,21776,22664,22979,22740,21956
"4308","Gray",27,"BOURGOGNE-FRANCHE-COMTE",9746,9783,9734,9736,9903,10081,10125,10325,10239,10226,10273,10646,10873,10874,10359,10477,10101,9897
"4309","Vesoul",27,"BOURGOGNE-FRANCHE-COMTE",45261,45292,46320,46567,47733,48365,47781,48533,49568,50477,50494,49837,49674,48601,47718,47673,46285,46849
"5201","Ancenis",52,"PAYS-DE-LA-LOIRE",20596,22643,22600,21826,21496,20861,20374,21038,21108,20188,20625,20011,19566,19228,19275,19302,18746,17566
"5202","Châteaubriant",52,"PAYS-DE-LA-LOIRE",13573,13477,13313,13221,13102,12839,12667,13215,13400,13299,13251,13396,13442,13338,13568,13026,12900,12452
"5203","Nantes",52,"PAYS-DE-LA-LOIRE",497310,490550,485673,481942,474711,468185,460075,461484,459314,449141,436758,428036,418832,414713,409318,400353,387513,375803
"5204","Saint-Nazaire",52,"PAYS-DE-LA-LOIRE",110201,107958,107530,107180,106069,104609,104596,106392,105001,102829,100413,98664,98285,100942,98324,98660,93495,91515
"5205","Angers",52,"PAYS-DE-LA-LOIRE",193432,193008,192930,191967,192138,191650,190591,191016,190280,188424,185476,183893,181797,181993,182752,182247,177153,172070
"5206","Cholet",52,"PAYS-DE-LA-LOIRE",88303,85242,85950,85686,85590,85506,83926,85862,86041,84703,83693,83989,84102,83854,84438,84370,83596,81412
"5207","Saumur",52,"PAYS-DE-LA-LOIRE",33896,33955,34879,35100,35141,34727,34079,34462,34816,34680,34878,34471,34869,34267,34269,33893,33388,32777
"5208","Segré",52,"PAYS-DE-LA-LOIRE",19668,19814,19997,20185,20220,20200,19902,20143,20654,19900,20053,20135,20041,20198,19981,19547,18158,17682
"5209","Laval",52,"PAYS-DE-LA-LOIRE",96021,95410,95751,94620,94727,95661,94878,95486,97236,96821,95794,95782,98066,97761,97262,96245,94025,91622
"5210","Mayenne",52,"PAYS-DE-LA-LOIRE",20119,20222,20243,20138,20302,20374,20691,21186,21304,21862,21955,21977,22653,22601,22363,22203,21861,21173
"5211","La Ferté-Bernard",52,"PAYS-DE-LA-LOIRE",15623,15456,15747,15788,16101,16509,16183,16189,17112,16859,16259,16631,15764,16267,15646,16057,15372,13649
"5212","La Flèche",52,"PAYS-DE-LA-LOIRE",17849,18071,18422,18553,18583,18656,18440,18808,19037,19087,19244,19181,20424,20099,20234,19134,18686,18823
"5213","Le Mans",52,"PAYS-DE-LA-LOIRE",163308,162674,163532,163605,163848,164638,164383,167371,169992,166272,166938,166089,167128,166218,164210,164748,162104,159462
"5214","Sablé-sur-Sarthe",52,"PAYS-DE-LA-LOIRE",17524,17542,17812,17573,17671,17541,17161,17169,17571,17663,17483,17777,17741,17486,17469,17022,16909,16108
"5215","Challans",52,"PAYS-DE-LA-LOIRE",43654,43194,43132,43076,42459,42131,41373,42505,42855,41826,41363,40969,40795,40201,39004,37645,36103,34562
"5216","Fontenay-le-Comte",52,"PAYS-DE-LA-LOIRE",23348,23412,23549,23183,23129,23464,23389,23630,23596,23689,23546,23031,23624,23235,22969,22297,22489,22129
"5217","Les Herbiers",52,"PAYS-DE-LA-LOIRE",28338,27533,27831,27579,27876,27760,26598,26919,27526,26701,26562,26071,25954,25946,25226,24673,24332,23386
"5218","La Roche-sur-Yon",52,"PAYS-DE-LA-LOIRE",107028,106115,105975,105270,104473,103579,102233,102958,103527,101130,97921,97730,95903,95706,92914,90511,87696,85154
"5219","Les Sables-d'Olonne",52,"PAYS-DE-LA-LOIRE",22414,22287,22040,21747,21511,21379,21166,20935,21501,20920,20648,20300,19991,19026,19101,18637,17772,16887
"5301","Dinan",53,"BRETAGNE",30669,30330,30303,30203,29695,29172,29242,29137,29451,29390,29720,29102,28293,27772,27885,27474,26348,25595
"5302","Guingamp",53,"BRETAGNE",18464,18014,18269,18311,18538,18250,18835,19222,19489,19651,19374,19327,19136,19411,19146,18317,18040,17727
"5303","Lannion",53,"BRETAGNE",29130,28945,29175,29618,29907,29619,29990,30409,30472,30672,29567,27787,28046,28931,30099,29793,28764,28226
"5304","Loudéac",53,"BRETAGNE",15468,15736,15467,15172,15754,15410,15200,15455,16257,16681,16470,16410,16136,16020,15546,15333,15290,14983
"5305","Saint-Brieuc",53,"BRETAGNE",122772,122694,122259,121810,120901,120254,120140,120690,120811,118290,114638,115767,115019,115148,113924,113992,113242,111239
"5306","Brest",53,"BRETAGNE",183661,181262,181492,182034,181532,179927,179177,179773,183314,180199,178235,176359,174518,178527,174735,171643,169227,166298
"5307","Carhaix-Plouguer",53,"BRETAGNE",15044,15081,15390,15533,15550,16000,15942,16018,16337,16052,16312,15968,15975,15970,15795,15414,15606,15850
"5308","Morlaix",53,"BRETAGNE",26986,27043,27289,27126,27751,27575,27571,28299,28281,28509,28526,28264,27311,27242,26996,27928,27770,27495
"5309","Quimper",53,"BRETAGNE",124993,125875,126061,125602,126522,126316,124873,126336,123833,123249,122755,122212,121470,118538,117187,116190,113948,111389
"5310","Fougères",53,"BRETAGNE",25250,25208,25355,25292,25394,25186,25280,25614,26596,26742,27196,27427,27730,27388,27265,26741,26046,25543
"5311","Redon",53,"BRETAGNE",20081,19756,19974,20538,20906,21001,20457,20556,20993,21058,20919,20571,20594,20948,21942,22412,20983,19734
"5312","Rennes",53,"BRETAGNE",368240,363670,360950,355774,353320,349921,344691,343183,343508,336256,331025,330436,322709,320224,314792,310091,296852,289104
"5313","Saint-Malo",53,"BRETAGNE",42731,41764,41331,40649,41327,41163,39879,40705,40735,40259,39670,39202,38926,38572,38388,37611,36393,35949
"5314","Vitré",53,"BRETAGNE",25003,24628,24173,24069,24460,23931,22652,22667,22674,22163,21866,21731,22019,22087,22689,22447,21145,19993
"5315","Lorient",53,"BRETAGNE",105428,106152,105778,106639,108277,106819,104602,104725,105517,105210,104106,102999,101903,100167,99220,96940,94260,92897
"5316","Ploermel",53,"BRETAGNE",14250,14424,14553,14309,14501,14162,14159,14520,15079,14479,14675,14174,13963,13783,13488,13595,13349,13156
"5317","Pontivy",53,"BRETAGNE",23109,22643,22943,22496,22379,22200,21973,22772,22279,22361,22082,21322,21928,22054,21380,20386,19834,19249
"5318","Vannes",53,"BRETAGNE",133587,132210,131767,131444,130289,130180,128537,129548,127477,126014,122767,121750,118906,118629,116170,114693,112343,104628
"5401","Thouars-Loudun",75,"NOUVELLE-AQUITAINE",23016,22760,23336,23397,23357,23516,23460,23604,24017,23464,23025,22355,22595,22850,22383,22181,21715,21027
"5402","Châtellerault",75,"NOUVELLE-AQUITAINE",30456,30461,31025,30800,30686,30821,30528,30925,32619,32052,31900,32681,32360,33000,33597,33521,32499,31986
"5403","Angoulême",75,"NOUVELLE-AQUITAINE",104047,104312,105218,104321,104467,105486,104805,105584,106616,106690,105406,106123,104695,105504,106465,108209,105518,103346
"5404","Jonzac-Barbezieux-Saint Hilaire",75,"NOUVELLE-AQUITAINE",20933,20930,21022,20804,20715,20612,20609,20770,20830,20785,21356,21221,21133,20002,19822,19915,19414,19080
"5405","Cognac",75,"NOUVELLE-AQUITAINE",33895,33510,33456,33330,33042,32709,32090,32735,33069,33251,33230,33123,33194,33678,32710,32831,32494,32910
"5406","Saintes-Saint Jean d'Angely",75,"NOUVELLE-AQUITAINE",44361,44226,44448,44172,44034,43980,43906,44178,44803,43849,43080,43253,43078,43152,42380,41867,41257,40475
"5407","Royan",75,"NOUVELLE-AQUITAINE",27768,27579,27957,27635,27724,27638,27815,27753,27509,27265,26377,25812,25614,25511,24742,24496,23837,22769
"5408","Rochefort",75,"NOUVELLE-AQUITAINE",36739,37421,37071,36573,36473,36208,35805,36285,36524,35487,34706,35157,35157,35129,34618,33731,32724,32150
"5409","La Rochelle",75,"NOUVELLE-AQUITAINE",99158,98965,99617,99654,98800,98863,97179,97880,97686,96235,92949,90898,90139,89860,89518,85114,81382,79913
"5410","Niort",75,"NOUVELLE-AQUITAINE",97425,96580,97166,96673,96766,96070,95421,95446,95366,94695,94839,95012,94121,93444,92086,90837,89154,87214
"5411","Parthenay",75,"NOUVELLE-AQUITAINE",11421,11697,11633,11418,11457,11577,11485,11720,11935,12039,12160,12195,12122,12359,12024,11964,11804,11617
"5412","Bressuire",75,"NOUVELLE-AQUITAINE",28208,28159,28452,28496,28494,27899,27959,28484,29199,29450,27321,28648,26632,26935,27418,27598,27271,26678
"5413","Poitiers",75,"NOUVELLE-AQUITAINE",139558,140533,140750,139600,138928,136917,137187,138979,139260,136744,136227,134619,135136,136630,135834,132834,130003,126672
"7201","Bergerac",75,"NOUVELLE-AQUITAINE",36930,36659,36677,36237,36266,36282,36486,36433,37163,36809,36710,36849,37365,37012,37196,36690,36277,36192
"7202","Périgueux",75,"NOUVELLE-AQUITAINE",87296,87476,88189,87939,88282,88618,88912,89360,90183,89347,89043,89589,88409,89466,87988,88232,87243,85694
"7203","Sarlat-la-Canéda",75,"NOUVELLE-AQUITAINE",17633,17471,17517,17747,17720,18050,17652,17712,17909,17600,17514,17405,17177,17171,17123,17169,16930,16429
"7204","Bordeaux",75,"NOUVELLE-AQUITAINE",587641,580127,576019,565168,557098,549822,543252,540837,539790,528866,516771,507338,504509,506864,500482,495880,481737,467663
"7205","Libourne",75,"NOUVELLE-AQUITAINE",44230,44362,43993,43329,42795,42557,42011,42426,42414,42763,42965,43165,43362,42670,42889,42317,41631,40257
"7206","Pauillac",75,"NOUVELLE-AQUITAINE",17645,17378,17752,17134,16796,16090,15871,15307,15409,15243,14867,15119,14987,15083,14737,14929,14637,14429
"7207","La Teste-de-Buch",75,"NOUVELLE-AQUITAINE",47313,46951,47216,46561,45206,44763,43773,43289,43472,42034,40935,42046,41325,41810,39743,38788,36757,36130
"7208","Dax",75,"NOUVELLE-AQUITAINE",62627,62629,62587,62250,62580,61247,60597,60269,60283,59366,58849,56861,57060,55593,54322,54296,52915,51381
"7209","Agen",75,"NOUVELLE-AQUITAINE",63631,64122,64200,63339,63342,62337,61652,61810,62265,61724,60788,60652,60112,59864,59418,58669,57027,55272
"7210","Marmande",75,"NOUVELLE-AQUITAINE",30121,30348,30420,30274,29751,29843,29632,30074,30653,30686,30068,30213,30001,29980,29291,28930,28169,27910
"7211","Villeneuve-sur-Lot",75,"NOUVELLE-AQUITAINE",30803,30833,31203,31266,31236,31456,31799,32474,33130,33145,32984,32674,32470,31944,31565,30815,29898,29130
"7212","Bayonne",75,"NOUVELLE-AQUITAINE",131722,128921,128060,126583,125492,123719,121789,121681,121541,118903,116273,116257,113830,113562,112458,110386,108593,105646
"7213","Oloron-Sainte-Marie",75,"NOUVELLE-AQUITAINE",16609,16616,16718,16411,16445,16482,16490,16585,16862,16853,17096,17014,16246,16594,16618,16863,16793,16848
"7214","Pau",75,"NOUVELLE-AQUITAINE",140139,140594,141287,141080,140377,139322,138141,139612,139615,138923,136574,134474,133918,134334,132841,132386,132086,130100
"7301","Foix-Pamiers",76,"OCCITANIE",42087,42034,41770,41551,41435,41604,41662,42321,42417,42314,42969,43012,42355,42383,41624,41190,40774,39890
"7302","Saint-Girons",76,"OCCITANIE",10993,10955,11043,10934,10872,10637,10628,10586,10875,11118,11133,11112,11084,11406,10959,10736,10581,10416
"7303","Millau",76,"OCCITANIE",21821,21838,21711,21681,21991,21873,21906,22096,22081,21635,21749,21621,21168,21368,21018,20723,20389,20721
"7304","Rodez",76,"OCCITANIE",72421,72059,72177,72127,72336,72363,72193,72513,72517,72505,72038,71385,71778,71426,70673,70272,70056,67662
"7305","Villefranche-de-Rouergue",76,"OCCITANIE",13242,13258,13265,13235,13156,13203,13026,13027,13024,13089,12772,12748,12799,12773,13173,12963,13070,12848
"7306","Saint-Gaudens",76,"OCCITANIE",19505,19462,19581,19777,19635,19491,19715,19764,20308,20486,19846,20340,20640,20362,20056,19942,19813,18875
"7307","Auch",76,"OCCITANIE",43983,44135,44952,44359,44463,44268,44229,44803,45374,45830,45423,45410,45627,44930,44047,43885,44120,43059
"7308","Cahors",76,"OCCITANIE",33158,33060,33211,33019,32886,32920,33244,33758,34458,34940,35732,35680,36590,36151,35486,35037,34497,34108
"7309","Figeac",76,"OCCITANIE",15437,15365,14826,14540,14483,14543,14665,14767,15203,14836,14614,14636,14461,14420,13977,13927,13491,13314
"7310","Tarbes-Lourdes",76,"OCCITANIE",87436,88323,89025,89058,89167,90327,89995,90689,92130,91686,92059,89752,89514,90393,88454,85798,86699,84252
"7311","Albi",76,"OCCITANIE",64019,64108,64624,64449,63512,63370,63739,63596,63782,63674,63803,63474,63680,62585,61615,59996,59207,59300
"7312","Castres-Mazamet",76,"OCCITANIE",46007,45985,46308,46358,46279,46064,46051,46839,47589,47616,47801,47948,47740,48677,48780,48804,47425,48197
"7313","Montauban",76,"OCCITANIE",84098,82816,82562,82283,80895,79916,80083,79479,80139,78374,78003,76792,75469,74756,73346,72934,71473,69681
"7401","Tulle",75,"NOUVELLE-AQUITAINE",29348,29590,29754,29603,29872,30034,29893,30162,30770,31021,31258,30471,30283,30740,29907,30125,30145,29420
"7402","Ussel",75,"NOUVELLE-AQUITAINE",11841,11828,11907,11941,11936,11764,11715,12061,12468,12487,12678,12522,12538,12709,12955,12592,12647,12889
"7403","Guéret",75,"NOUVELLE-AQUITAINE",41197,41325,41506,41775,42115,42336,42763,43452,44032,44029,44313,44123,44509,44829,44591,44187,43626,43196
"7404","Limoges",75,"NOUVELLE-AQUITAINE",142041,142223,143430,143751,145125,145613,145957,148917,150207,149476,147681,147101,147051,148602,148732,147950,144719,140210
"8201","Ambérieu-en-Bugey",84,"AUVERGNE-RHONE-ALPES",32927,32716,32582,32029,32339,31662,30635,30702,31029,30329,29329,29016,29260,28318,27875,26361,25453,24206
"8202","Bourg-en-Bresse",84,"AUVERGNE-RHONE-ALPES",64449,63908,63505,62711,62271,62172,60866,62359,62322,61184,61259,59935,59872,59793,59980,59431,57537,56137
"8203","Oyonnax",84,"AUVERGNE-RHONE-ALPES",27615,27601,27965,27892,28386,28715,28223,29400,31298,31667,32866,32418,32756,33323,34320,35186,33499,32373
"8204","Annonay",84,"AUVERGNE-RHONE-ALPES",18893,18853,18376,17894,18194,18225,18236,18500,19109,18593,18577,18822,19016,19592,20155,20544,19784,19249
"8205","Aubenas",84,"AUVERGNE-RHONE-ALPES",30799,30893,30749,30647,30295,30082,29210,29253,29655,28928,28737,28927,27875,27862,27278,26683,26220,25810
"8206","Montélimar",84,"AUVERGNE-RHONE-ALPES",69826,69711,70141,69546,69198,68916,66393,66252,66166,65147,63431,63426,62371,61380,60942,59904,59318,58693
"8207","Romans-sur-Isère",84,"AUVERGNE-RHONE-ALPES",30539,30532,30612,30563,30550,30291,29790,30287,30931,30172,30093,30280,30643,30328,29752,28973,28567,27510
"8208","Valence",84,"AUVERGNE-RHONE-ALPES",149519,148631,147823,146550,146541,145663,144368,144315,145240,144285,141039,141947,141722,141823,139445,137096,134931,132543
"8209","Bourgoin-Jallieu",84,"AUVERGNE-RHONE-ALPES",79481,79604,79000,77928,77557,77083,75262,75204,76980,76881,75457,73545,72035,71357,70969,68828,65921,63667
"8210","Grenoble",84,"AUVERGNE-RHONE-ALPES",362032,363129,363224,359315,356611,355774,351411,355764,357681,349574,344382,340477,338197,337172,332530,330844,322214,315711
"8211","Vienne-Roussillon",84,"AUVERGNE-RHONE-ALPES",74830,74312,74726,74053,73893,72687,71900,72176,72867,71702,71193,70838,70322,69335,68611,68608,66647,65344
"8212","Roanne",84,"AUVERGNE-RHONE-ALPES",51393,51778,51527,51581,51796,51421,51154,51461,51918,51477,52005,50415,50915,51635,52236,51808,51444,52063
"8213","Villefranche-sur-Saône",84,"AUVERGNE-RHONE-ALPES",85195,84576,84287,83188,82829,81699,81705,81763,82384,82030,80262,79524,78733,78191,77905,76486,79000,76636
"8214","Lyon",84,"AUVERGNE-RHONE-ALPES",923564,911868,907382,892506,883047,874352,865116,868018,867794,847703,831772,822393,814263,819312,817031,806344,780326,757742
"8215","Tarentaise",84,"AUVERGNE-RHONE-ALPES",66191,65691,65558,63968,62920,62059,61020,62006,62423,61748,60882,60439,59698,57430,56973,55447,54263,53447
"8216","Chambéry",84,"AUVERGNE-RHONE-ALPES",125060,123853,124309,122571,123338,121886,119698,121202,120904,118807,116346,114551,114185,111928,109810,107905,104288,101943
"8217","Maurienne",84,"AUVERGNE-RHONE-ALPES",18593,18690,18597,18589,18571,18693,18540,18978,19187,19918,19703,19912,19341,18596,18478,17113,16826,16751
"8218","Annecy",84,"AUVERGNE-RHONE-ALPES",134152,132440,132307,130118,128899,126686,124657,126229,127169,124817,123343,124102,122289,121381,120430,119453,114294,112434
"8219","Genevois Français",84,"AUVERGNE-RHONE-ALPES",104356,103096,103009,100701,99012,96669,94260,95411,98047,98954,97398,96678,96545,95569,94897,94404,91701,88602
"8220","Vallée de l'Arve",84,"AUVERGNE-RHONE-ALPES",27692,27834,27838,27838,28004,28001,27355,28686,30529,30646,31476,32228,31863,31709,32208,32815,30861,30715
"8221","Mont Blanc",84,"AUVERGNE-RHONE-ALPES",32549,32540,32692,31986,31436,31139,30953,31272,31568,31488,31075,30455,30688,29726,29432,29881,28186,27455
"8222","Chablais",84,"AUVERGNE-RHONE-ALPES",37760,37704,37690,37439,36854,36312,35690,35799,36617,36690,36494,35966,35765,34651,33811,32568,32098,31473
"8301","Montluçon",84,"AUVERGNE-RHONE-ALPES",37355,37757,37961,38609,38879,39366,40186,40954,41807,42182,41082,41026,41450,41985,41368,42389,41851,41576
"8302","Moulins",84,"AUVERGNE-RHONE-ALPES",39698,39776,40352,39919,40218,40748,40163,41136,42132,40887,40862,40992,41582,41839,41839,40080,39195,38559
"8303","Vichy",84,"AUVERGNE-RHONE-ALPES",45513,45993,46396,45807,45847,46366,46624,46484,47127,47744,47882,48068,47631,47718,48034,48363,47191,46203
"8304","Aurillac",84,"AUVERGNE-RHONE-ALPES",35012,35171,35261,35150,35096,35725,35287,35599,35951,35502,35499,35702,35787,35880,35017,34760,34093,33923
"8305","Mauriac",84,"AUVERGNE-RHONE-ALPES",9111,9315,9474,9413,9446,9444,9532,9670,9764,9932,9668,9682,9638,9555,9804,9858,9782,9353
"8306","Saint-Flour",84,"AUVERGNE-RHONE-ALPES",13048,13047,13065,13055,13242,13376,13287,13439,13556,13697,13870,13432,13241,13080,12978,12722,12908,12708
"8307","Brioude",84,"AUVERGNE-RHONE-ALPES",14910,14814,14784,14794,15241,15369,15354,15237,15692,15828,16089,16019,15654,15536,15099,14951,14671,14675
"8308","Le Puy-en-Velay",84,"AUVERGNE-RHONE-ALPES",37386,37444,37608,37151,37027,37135,36964,37088,37023,36725,36416,37297,36655,36782,36091,36827,34883,34721
"8309","Ambert",84,"AUVERGNE-RHONE-ALPES",7628,7738,7767,7691,7588,7519,7465,7594,7715,7672,7678,7624,7645,7655,7711,7641,7531,7538
"8310","Clermont-Ferrand",84,"AUVERGNE-RHONE-ALPES",232370,232836,232672,229776,227263,225632,223165,225940,227787,227107,224863,223837,224174,223333,221818,219057,215138,211953
"8311","Issoire",84,"AUVERGNE-RHONE-ALPES",16609,16629,16500,16112,15742,15650,15661,16100,16686,16289,16769,16711,16838,16148,15951,14989,14587,14356
"8312","Thiers",84,"AUVERGNE-RHONE-ALPES",15393,15602,15635,15788,15860,15950,15702,16252,16613,16408,16696,16880,17401,18459,18559,18893,18644,18801
"9101","Carcassonne",76,"OCCITANIE",50145,49818,50115,49568,49600,49685,50255,51086,51845,51779,50838,49929,49556,49310,48736,47760,47051,45559
"9102","Limoux",76,"OCCITANIE",12220,12267,12162,12163,12228,12171,12206,12267,12373,12616,12702,12839,12983,13096,12574,12323,11976,12314
"9103","Narbonne",76,"OCCITANIE",52104,51422,51468,50987,50889,50603,49856,49868,49707,48727,47527,46967,45565,44370,43376,41594,39958,38375
"9104","Alès",76,"OCCITANIE",42152,42432,42636,42816,42810,43033,42432,42697,43036,42871,42471,42650,41668,41777,39839,38881,37714,37248
"9105","Bagnols-sur-Cèze",76,"OCCITANIE",25348,25351,25133,24993,25318,25237,24866,24897,24714,24480,24323,23717,23682,23516,23660,24169,23417,22747
"9106","Nîmes",76,"OCCITANIE",135394,133975,133550,132027,133076,133184,131625,132654,133838,131356,130509,129538,128932,127256,124534,122315,117881,115146
"9107","Agde-Pézenas",76,"OCCITANIE",24195,24053,24286,23980,24096,23914,23534,23548,24135,22855,22424,22429,21512,20158,19971,18873,18280,17692
"9108","Béziers",76,"OCCITANIE",73987,73113,72657,72015,71819,71594,70547,70043,71928,71617,70918,70309,68968,67806,67104,65543,63497,63813
"9109","Clermont-l'Hérault-Lodève",76,"OCCITANIE",15000,14747,14657,14432,13931,13839,13502,13221,13140,12946,12139,12076,11779,11799,11649,11229,10981,10495
"9110","Ganges",76,"OCCITANIE",12188,12180,12372,12279,12122,11978,11921,11724,11821,12122,11900,11977,11941,13654,13004,12765,12439,12461
"9111","Montpellier",76,"OCCITANIE",295763,290054,285451,282712,280488,276985,276035,272473,272215,266640,255846,251622,249661,243005,233017,225676,218913,212534
"9112","Sète",76,"OCCITANIE",30131,30027,30179,30206,30377,30442,29768,29674,29438,28308,28891,26793,25447,25035,24904,24873,23815,23247
"9113","Lozère",76,"OCCITANIE",31085,31278,31270,31207,31090,31095,31259,30983,31375,31353,31125,30776,30398,30273,29878,29695,29223,29428
"9114","Céret",76,"OCCITANIE",20373,20468,20348,20139,19975,19946,20093,19784,19930,20124,20176,20148,19821,19546,19191,19003,19137,18356
"9115","Perpignan",76,"OCCITANIE",123509,122756,122745,121374,121256,120639,118969,119004,119234,117920,114881,112599,109953,108403,106379,102894,99127,95900
"9116","Prades",76,"OCCITANIE",14136,14002,14010,13865,13596,13656,13566,13651,14538,14681,14852,15060,14939,15326,14807,14546,14446,14732
"9301","Digne-les-Bains",93,"PROVENCE-ALPES-COTE D'AZUR",27170,27459,27652,27660,27682,28034,28141,27768,28588,28796,28687,28451,28411,28073,27014,26355,26065,25995
"9302","Manosque",93,"PROVENCE-ALPES-COTE D'AZUR",28922,28468,28118,27631,27410,27279,26417,25607,25708,24982,24474,24030,23971,23667,22763,22633,21783,21051
"9303","Briançon",93,"PROVENCE-ALPES-COTE D'AZUR",17158,17500,17625,17657,17680,17906,17762,18003,17505,17212,17408,17804,17387,17398,17325,16997,16134,15089
"9304","Gap",93,"PROVENCE-ALPES-COTE D'AZUR",43367,43581,43857,43403,43122,42669,42648,43300,42663,42106,41520,41226,39525,39901,38695,38671,37052,36138
"9305","Cannes-Antibes",93,"PROVENCE-ALPES-COTE D'AZUR",183381,181808,182184,180274,179591,176617,175693,177551,175683,170714,166074,163669,163236,161580,159290,151999,143662,138800
"9306","Menton Vallée de la Roya",93,"PROVENCE-ALPES-COTE D'AZUR",20370,20313,20559,20523,20490,20528,20394,20477,20605,19994,19850,19865,19823,20081,20037,19231,19070,18311
"9307","Nice",93,"PROVENCE-ALPES-COTE D'AZUR",259005,257313,258797,258008,258904,259188,258297,260373,262816,259457,256849,255007,254851,252409,249710,242856,235870,230422
"9308","Aix-en-Provence",93,"PROVENCE-ALPES-COTE D'AZUR",186912,183366,182555,179748,179566,177937,175472,171076,171079,165767,159815,156874,151482,150234,146592,140414,131150,125410
"9309","Arles",93,"PROVENCE-ALPES-COTE D'AZUR",29411,29217,29061,28850,28471,28788,28538,29148,28853,28536,29132,28012,27109,28042,26993,27373,27184,25951
"9310","Marseille-Aubagne",93,"PROVENCE-ALPES-COTE D'AZUR",562681,559933,553529,546597,544514,541559,541959,540824,541259,537008,534000,530256,521573,518191,506359,495867,484810,469530
"9311","Istres-Martigues",93,"PROVENCE-ALPES-COTE D'AZUR",58425,58606,58728,57990,57048,55993,55843,57471,57512,56466,57184,56965,55681,55837,56307,54917,53204,52451
"9312","Salon-de-Provence",93,"PROVENCE-ALPES-COTE D'AZUR",36334,36181,35939,35738,35509,35406,34661,34952,35234,35404,35991,35034,33592,32000,30032,28763,28189,28702
"9313","Draguignan",93,"PROVENCE-ALPES-COTE D'AZUR",37830,37120,36982,36009,35696,35458,34758,33353,33460,33068,32546,30824,29570,27860,26835,26255,25303,24458
"9314","Fréjus-Saint Raphaël",93,"PROVENCE-ALPES-COTE D'AZUR",67720,67921,68386,67897,67799,67118,66916,67248,66722,65282,62522,60418,58821,57878,56393,53108,50521,47304
"9315","Toulon",93,"PROVENCE-ALPES-COTE D'AZUR",242452,242021,242962,241495,240260,238277,236940,235677,236393,230501,225690,220989,217099,214648,211599,209774,203391,197971
"9316","Cavaillon-Apt",93,"PROVENCE-ALPES-COTE D'AZUR",29184,28984,29373,28893,29402,29840,30023,30241,30476,30535,30132,29982,29901,29129,28538,27145,25720,24030
"9317","Orange",93,"PROVENCE-ALPES-COTE D'AZUR",30880,30746,31042,31210,32373,31855,31339,31602,32233,32410,32184,33561,33746,31072,30399,31084,29475,28982
"9401","Ajaccio",94,"CORSE",47035,46442,45979,44907,44320,43932,43163,43093,42467,42111,41115,39956,39370,38643,37618,36660,35351,34115
"9402","Porto-Vecchio",94,"CORSE",12029,11883,11944,11772,11619,11281,10799,10564,9780,9256,9010,8612,8281,7835,7758,7468,7115,6969
"9403","Sartène-Propriano",94,"CORSE",3986,4060,4108,4016,3923,3917,3668,3507,3285,3164,3159,3012,3015,2756,2777,2842,2721,2647
"9404","Bastia",94,"CORSE",42357,42144,41777,41796,41091,40736,39916,39953,38997,38067,37208,37264,36788,36054,35526,34698,33204,32259
"9405","Calvi-L'Île-Rousse",94,"CORSE",8398,8304,8277,8011,7993,7728,7343,7202,6987,6772,6477,6017,6131,5848,5835,5780,5794,5426
"9406","Corte",94,"CORSE",4053,4019,4098,3979,3972,3917,3804,3772,3688,3397,3653,2452,2473,2376,2365,2310,2210,2112
"9407","Ghisonaccia-Aléria",94,"CORSE",5879,5845,5761,5425,5252,5142,5092,4971,4723,4481,4378,4385,4357,4380,4312,4340,4230,4247
